<?xml version="1.0" encoding="UTF-8"?>
<project-private xmlns="http://www.netbeans.org/ns/project-private/1">
    <editor-bookmarks xmlns="http://www.netbeans.org/ns/editor-bookmarks/2" lastBookmarkId="0"/>
    <open-files xmlns="http://www.netbeans.org/ns/projectui-open-files/2">
        <group>
            <file>file:/C:/Users/Francisco/Documents/NetBeansProjects/Transportadora/src/transportadora/Lojas.java</file>
            <file>file:/C:/Users/Francisco/Documents/NetBeansProjects/Transportadora/src/transportadora/Armazém.java</file>
            <file>file:/C:/Users/Francisco/Documents/NetBeansProjects/Transportadora/src/transportadora/Caminhoes.java</file>
            <file>file:/C:/Users/Francisco/Documents/NetBeansProjects/Transportadora/src/transportadora/Viagens.java</file>
            <file>file:/C:/Users/Francisco/Documents/NetBeansProjects/Transportadora/src/transportadora/Endereco.java</file>
            <file>file:/C:/Users/Francisco/Documents/NetBeansProjects/Transportadora/src/transportadora/Principal.java</file>
        </group>
    </open-files>
</project-private>
